{
  "hash": "09b0184c",
  "configHash": "a14be479",
  "lockfileHash": "5d8f0397",
  "browserHash": "43c95c93",
  "optimized": {
    "@angular/core": {
      "src": "../../../../../../node_modules/@angular/core/fesm2022/core.mjs",
      "file": "@angular_core.js",
      "fileHash": "bbbc33bf",
      "needsInterop": false
    },
    "@angular/platform-browser": {
      "src": "../../../../../../node_modules/@angular/platform-browser/fesm2022/platform-browser.mjs",
      "file": "@angular_platform-browser.js",
      "fileHash": "16598376",
      "needsInterop": false
    },
    "@angular/router": {
      "src": "../../../../../../node_modules/@angular/router/fesm2022/router.mjs",
      "file": "@angular_router.js",
      "fileHash": "0c82a669",
      "needsInterop": false
    }
  },
  "chunks": {
    "chunk-PICPI3V2": {
      "file": "chunk-PICPI3V2.js"
    },
    "chunk-COCS37L2": {
      "file": "chunk-COCS37L2.js"
    }
  }
}